{
  "ss_photo_presets": "{\"Adrien Régnier-Laurent\":{\"dx\":0,\"dy\":0,\"size\":1},\"Alexandre Plaud\":{\"dx\":0,\"dy\":0,\"size\":1},\"Françoise  Etienne\":{\"dx\":-0.9090909090909091,\"dy\":2.6363636363636362,\"size\":1.1},\"Françoise Etienne\":{\"dx\":-2.8571428571428568,\"dy\":0,\"size\":0.7000000000000001}}"
}